,Feature 1,Feature 2,Feature 3,Feature 4
0,-8.27570318,0.216832177,-7.007718558041491,69.75524774542063
1,-10.81158851,5.984759711,-11.123214312104016,116.57882030746
2,-9.727651255,11.91784379,-9.795152575832788,94.55969761807027
3,8.610897154,-11.03442575,9.054639045199252,74.59129168796456
4,-12.93232067,11.71409515,-13.33714936348611,166.8400892182231
5,-8.974234496,6.389605405,-9.297686473249174,80.21343281194719
6,-6.505827487,-7.220909487,-4.997075801011258,43.83454297659348
7,-10.48620043,2.048007285,-8.850411611395092,111.5961882767371
8,-5.633399547,-3.462591785,-5.662457890174329,31.706132112965474
9,-11.46710537,15.06453684,-11.558390135341677,131.40322080134118
10,2.344733462,6.348875498,2.181597065485333,5.334638611307839
11,0.701177708,4.449349414,-0.2300714332872219,-0.43959896309108865
12,-8.642214859,4.527631934,-9.469136661424534,73.86095586669585
13,3.044941386,3.675413059,4.659339130965914,10.886065789141515
14,-7.992129153,5.741386596,-6.300675052299153,65.56558249893334
15,9.066585404,-14.82276651,9.186858884461595,82.32324436848742
16,-5.082233891,-5.265553129,-6.9015266863612394,24.009808527467758
17,-12.39445159,10.9314636,-10.957436085055278,155.05944572179823
18,-4.179242889,-4.817344654,-3.023637646703686,18.62167636755338
19,1.712470562,3.688979751,2.1764447890061813,3.3965296527227773
20,-3.393270848,-5.69042759,-4.294070568133942,10.613487327752695
21,-11.18988333,12.43895875,-11.56395911549685,124.83941315351507
22,5.213380204,-11.65573024,5.546519451272716,27.512472398731795
23,-3.992578904,6.828129658,-6.123344091022674,13.809921117643167
24,-6.353125535,-4.991991137,-5.831338100650799,40.883991497818236
25,-7.481461345,-7.005301297,-6.624216191339497,56.8295090103897
26,3.017649159,-8.63075465,3.270609431954119,9.359166719767526
27,6.693797616,-13.00401766,6.425731576549178,44.53886048451646
28,3.903617555,4.97674602,4.580682778564054,15.91529523926823
29,2.872259619,-11.46109752,2.385861040807727,7.763476740745751
30,-0.868613576,6.102808931,-2.361271019241432,-0.738167898829924
31,4.76189017,-12.53953035,5.400147614681122,23.313855435823754
32,-12.64476855,12.82970508,-13.576983042240881,158.9579571908282
33,9.12644463,-10.36440152,9.129804660777495,83.29535161523333
34,3.19764533,-10.79664189,1.870086745707714,8.897377072178523
35,6.722423496,5.431264275,7.990913526613548,46.459467690186415
36,-6.219278729,-5.511760996,-7.453677696594358,37.445028941397496
37,-7.942609704,7.641550658,-8.139386683711667,62.888271930363295
38,4.861271734,3.761530733,4.831784906624104,23.602476044411468
39,-13.37576109,12.82881871,-13.119981987406835,179.16676383935112
40,6.084585711,-11.24579472,8.14517372625406,39.082771289759435
41,5.48144016,-9.360068351,4.9779857780781605,29.542731845738988
42,-8.796603784,-5.114374818,-9.387684722573372,76.78915719410975
43,-12.53382249,11.6891909,-12.327843882171624,157.30268481865818
44,5.99772161,-12.92793703,7.066127944906176,37.04107084596717
45,-12.71145856,10.42507506,-10.6218365845565,163.67080069804078
46,3.592440297,2.908332348,3.990659597677805,13.303846588187254
47,-10.36627938,1.436806492,-9.688353970057204,108.13767359415598
48,-0.263318558,3.100961101,1.0580608974399737,1.390716118427173
49,9.285273022,-13.00177537,10.201100867367101,87.13212293844812
50,-9.740512751,8.047763464,-10.07053405050367,94.54756735288993
51,1.59177566,5.040621977,0.894633760034315,1.8366078518027504
52,0.412666428,6.287321338,-0.10736917423482095,-0.34974202143654176
53,7.31754064,-11.89040494,8.077101442878503,54.30596182093011
54,5.581946805,-13.12827725,6.570833465840647,32.14701679469036
55,4.903949377,-12.73386591,6.254597827835777,25.399367943014465
56,-10.84221065,12.07652414,-10.324722926770583,118.07101950220284
57,-12.38729142,11.81017876,-12.261736284647526,153.5705438593581
58,4.973468039,-12.63909322,6.13161539044177,25.893531686396276
59,3.741435482,-6.940710665,4.202460638090295,14.459364622058867
60,0.767010381,4.040005524,0.07793517467559352,-0.10077028176264136
61,-7.668807347,3.791127995,-10.017072913815172,56.462340558586014
62,4.041601512,-9.762989626,4.353195329020434,16.64613659882112
63,5.19234489,-12.71392456,5.562725710483508,27.33082627719262
64,-11.37669759,11.61875126,-11.93916307357443,128.86678257073734
65,-6.897149353,-5.723850409,-6.817032933364912,47.650785617223406
66,-4.116896199,-6.955425335,-5.000335200410606,16.065395311930043
67,4.88890135,6.581990881,2.28682522638567,21.299280286417492
68,-0.211758714,3.828401161,-0.39693482597303764,-0.14033435901810387
69,8.033202275,5.194072623,6.8952322772915995,63.39436879335678
70,1.370032685,2.290124104,2.8021913806725456,3.309148253640855
71,-7.668163405,2.103793238,-6.352746314713566,60.11614709606762
72,5.223787963,-11.15361722,5.0665881110148465,27.13076083039854
73,-5.545830499,-6.454308458,-5.772929106400944,30.529137316237644
74,1.004169465,6.615202502,1.1516428667479444,1.1558297161863305
75,1.990045099,3.161746261,1.9428832268021738,3.9131176238560936
76,6.473023934,-12.90628397,5.7928511697146075,41.21986608585145
77,-8.365654771,3.540688894,-9.062727149891499,69.28710736866358
78,-0.495418702,2.21405563,-1.3005916682796606,-0.5597332759882957
79,-6.442422584,-6.444530469,-5.740842621928637,42.2063887129046
80,4.58784903,-11.09968414,5.033011728653261,21.4935214207252
81,7.014374868,-13.51478772,6.459648902179545,48.64672882300957
82,-5.128740243,-7.168811832,-5.806340717347059,25.626376005820642
83,-7.516515389,-6.576145108,-9.210963951799833,54.80355503027399
84,-7.690771678,-7.024336508,-8.743766430621333,58.0949742505056
85,-8.16363917,4.418439897,-7.596396023142829,67.21224764481545
86,-8.955217768,15.58646574,-8.157837995331342,80.99330504497158
87,-6.859298877,3.492238042,-7.556716304125397,46.35256365688806
88,-13.16357164,11.13764126,-12.711740542231933,173.73144941918036
89,-6.550084155,5.77274648,-6.051671372386618,43.40201522019545
90,3.988587683,3.239047221,4.3468508726651525,16.267094894644462
91,0.45678909,5.752212516,1.1974707891240368,0.949337971867065
92,-13.10774802,12.47609675,-12.773047765007162,172.14775841080677
93,5.971510315,-15.30159553,5.5494565419790245,35.23688166913042
94,-15.73735552,9.493846011,-16.914029511816278,246.48768477105818
95,-0.210126135,5.010055306,1.1898879542014478,1.4441670818114858
96,-5.060363015,-6.243126117,-5.703595272472892,24.964041586106998
97,0.077246733,4.605475826,0.7319345694186602,0.6606548941778335
98,-1.566563855,5.237795625,-0.402931317104394,3.617754849688067
99,-0.183605702,4.942217674,0.8659832959863148,1.0833000517932276
100,-10.4434858,6.156196514,-9.782712498242146,109.72716895655948
101,-7.836022899,-8.699411063,-6.600430600369741,62.63884717228262
102,-14.09627702,11.81267581,-13.177006379362627,199.62429646521747
103,-10.45885579,12.92300342,-10.298634413725985,109.54788581229052
104,-6.981754646,5.088638541,-9.10650111942864,46.62015146351394
105,-8.161893905,-6.000875547,-7.428213754967395,67.35019226650876
106,6.717601455,-10.09674879,6.6206636970986406,45.02923155031675
107,4.438015959,-13.23524167,3.7076561121590133,18.965625805497705
108,-9.031902344,4.690247524,-9.64603797198261,80.9611243235701
109,1.953996703,4.73434562,1.9683471290972303,3.8324535414321006
110,4.972361692,-10.40039586,4.277146555460359,24.02916565952946
111,-8.008378126,-9.074357537,-7.147219890180129,64.99527844481514
112,-4.344051115,3.248862448,-5.311022420677258,17.903808784055485
113,2.931504399,-11.06049217,2.4758418769731834,8.138055519329535
114,-9.159702015,4.732245483,-8.984679958552972,84.0751630600421
115,-12.61323473,12.13652274,-12.481355320708913,159.22556976336926
116,-9.852375442,2.22009795,-8.992254701560011,97.92942259056468
117,6.001529745,1.240976492,5.918107369464772,35.93493690458454
118,5.901748087,-14.71336817,5.178930063503685,34.10781245891184
119,-13.82554245,13.02957592,-12.347906605777434,192.6232598809746
120,3.554415634,3.363067728,3.788817122236875,12.868271987460497
121,4.665955407,-12.90489917,3.6536548309450527,20.75883928405759
122,0.718010368,-9.97482896,1.1171084723810674,0.9146369929365628
123,3.613619341,5.45675369,5.276250215449961,14.720875616099235
124,-9.888465127,3.951216946,-7.501051614896437,100.16915607999869
125,5.050020364,6.632075484,5.748770661576624,26.201455974391315
126,-4.027243653,-5.468570714,-4.796669692833962,15.449265400794822
127,2.579351253,-8.832721614,3.3454620638509227,7.419163697203593
128,-6.83175098,-8.248954737,-5.800426556691203,47.70414587603975
129,6.056457631,-10.32231738,7.433998132593722,38.05821953769185
130,3.918460493,2.967368869,2.85903383021522,14.294905972417023
131,5.675789318,-9.847785888,5.273947051110248,31.812742115433153
132,-6.075264181,-5.32111081,-4.201931660621106,38.78216738932049
133,4.671007913,-14.19841264,3.972239942129533,21.119546952438153
134,-11.48516597,10.7320396,-12.566991510127707,130.82721181831835
135,-9.891503118,4.400015794,-10.851534071253921,96.88180298014979
136,2.583413453,4.170092984,3.4039213715577823,7.494532987699165
137,-0.056919948,3.083413172,-0.2975176455232986,-0.23735781704297593
138,1.454061557,5.251246316,1.697702557017538,2.3579360115628023
139,-8.201074683,4.086550778,-9.357086656160702,66.10161398298284
140,4.913908338,6.007772292,4.292528373383269,23.525115189649192
141,1.69509411,5.147675311,2.515040346741131,3.693290278497823
142,-9.004900999,4.897959506,-9.74859244427829,80.34455055651291
143,-7.422693741,6.586100018,-7.86852954884271,54.65054656483786
144,-13.19783595,14.03682953,-14.491468835075898,172.8892408780365
145,-10.83542456,8.058346095,-11.627858955429135,116.61399100002205
146,4.760591237,-11.37585069,4.3812049712695815,22.28384266007077
147,-5.290140296,-7.587383594,-4.572982326169096,28.702742321193867
148,-9.265424173,2.638972375,-9.878352499596645,85.23515677901608
149,-11.4682988,10.82211688,-11.626591589782878,131.36358457629856
150,4.013510238,4.434666422,2.688709063132589,14.78346325566341
151,-0.755441022,5.513054209,-1.4650345489823189,-0.13890238926191456
152,2.337701003,3.821935744,2.20732443145613,5.3344694078833355
153,2.985317759,-11.39064311,3.0224745113324,8.949278874533181
154,5.964033049,-8.912738371,6.903673056314244,36.50933021687848
155,-4.702160373,-5.25464487,-4.475040269624408,22.33743227678709
156,1.356301361,8.053640257,0.916496371477018,1.3997483923274705
157,5.060822615,2.697406887,5.4686085941337605,26.0197115196292
158,-0.075221012,3.132529276,0.5711418944935673,0.6520211071398715
159,4.864605087,-10.89270049,3.5144572934235274,22.314234858889808
160,-12.18316903,11.46035125,-11.58952469083163,149.02325195271953
161,-11.05493299,14.49527444,-9.150683550910143,124.11579285248018
162,6.433334295,-16.50301822,6.2022232495596,41.15667910578274
163,-9.736697995,4.151048774,-9.996519759879003,94.54346608095801
164,5.819743131,5.130031908,5.4508078327883025,33.50047481260999
165,2.328738404,5.580666611,2.7529635265524512,5.847247676816918
166,-8.670685625,3.576190664,-7.9182779751396914,75.93319685744197
167,-1.485657006,3.94287504,-0.41936339925174404,3.27347034622514
168,-14.29360634,9.998453926,-14.68548588494002,203.9153026579482
169,-6.396445904,-6.824630395,-6.269973167490711,41.04099293930767
170,4.679567576,-12.98729445,4.5773003532441505,21.79608547559467
171,-9.72936302,5.977968456,-9.5282450981764,94.8616226967671
172,5.305637352,-16.86723312,5.972608092002489,28.81675845094006
173,3.444574779,1.903812865,4.2498222927326434,12.670342921855541
174,6.304968201,5.619485672,5.804195409750727,39.251851224371904
175,-5.493246165,-7.403652562,-5.936322289450661,29.732677304836553
176,-12.15767171,12.26274237,-11.596999831311987,148.36965328682237
177,-9.655604238,4.206035265,-11.09615608735251,91.79014135153105
178,-5.283793405,-9.560481242,-5.845463015422418,27.356803136299078
179,4.942290884,-12.55271136,3.1910140358966643,22.674962333966164
180,8.378851242,-13.19739137,8.88327596716692,70.70957286073187
181,1.889615169,-9.545014896,2.490951578493081,4.17198189640798
182,3.003693969,6.183809261,2.9458307772735504,8.964314267680523
183,3.86092339,-8.794029591,1.441597694556639,12.48740372800573
184,-0.039474103,6.538767972,-0.24932923038895596,-0.20829692258130134
185,-0.91483234,7.024899334,-2.676406548378421,-0.924655998068545
186,4.800499351,-9.206397738,4.263384027801234,22.507678695752656
187,8.886205713,-12.75270773,8.93203592173091,79.01048218248475
188,4.567191332,-10.72322759,3.814761063822142,20.106806394918078
189,-4.409343801,-6.262105825,-3.19880110160042,20.65285545481671
190,-7.491494936,2.335789814,-8.985321534257045,54.628669777856594
191,-1.455229823,-6.571353959,-2.2840373229468853,1.2888863378017261
192,-6.277820374,-5.203105976,-5.658305855729316,40.030543166480186
193,6.311188849,-10.41364667,4.5259201527856945,38.04583599152764
194,-11.02848143,4.07551279,-10.709427918423787,121.94645616343105
195,-5.774542852,-6.095941892,-5.980337588282207,33.13955041330208
196,-7.235358362,-5.691397952,-7.773755035306708,51.812013953256624
197,-11.45204831,5.048435999,-11.88773671579113,130.71372208878273
198,-7.439992106,-8.300943861,-7.518104377888796,55.27537026545352
199,3.541843249,-11.07842937,3.487612949128764,12.490423300615639
200,6.566389171,6.48434277,6.014885594973974,42.565963169000035
201,-1.36766715,5.732937063,-1.7423417734829387,1.4958388097061837
202,0.624469636,2.941220236,-0.045929954512822335,-0.28043726422684984
203,0.927489722,6.393779394,1.4396047347720327,1.37235219718767
204,4.744921378,-7.719719848,4.657532988072612,22.42689049347403
205,-6.489663763,-9.340559555,-7.114333999710071,41.49106552008525
206,6.678610733,-15.68265632,6.386875985941694,44.31210657588449
207,-1.430071367,6.189203176,-1.6674865563981203,1.8076889253151287
208,1.479814562,5.23146881,1.7773946039691422,2.4874311798763937
209,0.840500836,3.293931799,0.8768455700222749,0.7427863893389738
210,-5.67082283,-5.239103664,-6.62251311481045,31.206541284438753
211,1.43582737,4.071311328,3.0973493919185446,3.7231222583596617
212,6.826431897,5.188630177,6.069788491443183,45.843529038822204
213,-14.80549346,12.97420793,-14.023651056864177,219.98447899723857
214,0.257298546,3.825265975,-0.8484490353445556,-1.0395450395708414
215,6.856123607,-13.83769447,6.884932585967465,47.03523989343015
216,-9.027987615,7.81499765,-8.66355220626938,81.86899578532403
217,-6.457741459,-3.675016339,-7.197919229778167,40.962246980509285
218,-7.34853715,7.335603341,-7.187925047080232,54.161610347849894
219,3.176685921,4.374736068,2.2977986396457784,9.212446159325397
220,4.17698851,-9.802773618,3.507715297412386,16.777959800084407
221,5.552475885,-8.423858329,6.062058030649111,31.339570599155643
222,-13.39276406,13.09689751,-12.889273060495054,179.86962016633262
223,-4.587855868,-4.674141203,-5.670204938711299,19.966072394830736
224,4.80175433,-9.9703324,3.8529236343323396,22.108013950006086
225,-0.158182195,8.522169666,0.5725316304604561,0.755735432275474
226,-8.795788592,4.674864947,-8.48420536002475,77.67748018713257
227,-0.05706418,3.80799622,1.3564846097350498,1.4168051103741222
228,-6.413759953,4.938170767,-4.978498447498865,42.57157824020769
229,-1.650307002,4.446444208,-1.8946610363793337,2.4791591664708936
230,0.972941546,6.134939765,2.8281471548522927,2.801820860785163
231,7.102636797,-11.98048284,5.796236540511521,49.14104921360993
232,4.826832238,4.900369332,3.4616627014799843,21.933139917276073
233,5.244183549,-10.74350966,5.111577215631644,27.368854762233877
234,2.180247598,-11.57437385,4.197880322505991,6.771112313090761
235,6.369739101,5.165634846,4.748713210182902,38.95255032399119
236,-3.680728621,6.620638086,-5.418445162221478,11.810046640227085
237,-0.423136865,4.92864754,-1.1425148891595946,-0.5403332176375666
238,-6.953586488,-4.839653754,-6.600252996989829,48.70569853710634
239,3.193731379,4.752961017,3.230964169137522,10.237152911346763
240,5.455271134,-10.55640768,6.133633991675925,30.438346003129574
241,1.452438506,5.611970762,1.181432090620554,1.838571198332066
242,-11.94493968,12.18957952,-12.96498764726698,141.6615359915715
243,-7.270124695,4.251965837,-7.675323780975534,52.44951399487331
244,5.269349452,4.524666728,5.439876719180624,27.936570914473325
245,-7.411749237,-6.4039595,-7.713026663136738,54.632749326033355
246,-3.705479294,-7.165078336,-5.054440935035308,12.38161515722743
247,-12.92723954,13.38271335,-13.351908164853686,166.68885349968573
248,5.481812655,-14.5910477,6.334726615191862,30.90318394471001
249,-8.743374038,-3.993945211,-9.328162481739193,75.86180112463325
250,-8.319708326,4.408366761,-8.376367750270884,69.16088720544286
251,3.814179273,-11.72002833,4.660197100253571,15.39398135383638
252,-11.05559241,14.07333655,-10.933435126971979,122.3482808190776
253,3.946327924,-10.46212831,4.755319791841385,16.382495951583536
254,5.280821876,1.697187751,4.372188260619224,26.978446070659384
255,-0.747473746,7.146248505,-0.4941712872562081,0.8120194597030646
256,2.196064952,5.628363584,3.7320420454463843,6.358678366849147
257,2.550382869,-8.550128728,1.5583869009849782,5.512456810473648
258,0.014632539,3.431420464,1.2115786786079323,1.197160250805519
259,4.353020166,-9.059057769,4.423474771416189,19.019239171018857
260,4.508068422,5.567606979,4.893782474734985,20.708394950168557
261,0.348636533,2.266424556,1.2116152744001214,0.9845261735423816
262,-9.047830014,4.895142441,-8.80076257366949,82.11029540256976
263,1.509815155,-9.019489557,2.5173932746495518,3.287119921917226
264,4.582328318,-11.25769047,4.196323429428121,20.61172792537283
265,2.693747913,4.626237988,2.832824064464272,7.395353970256128
266,3.647391425,-10.01793498,1.780536561680059,11.436609343843589
267,-10.3190383,4.962508467,-11.621525042023618,105.18006469484328
268,7.26970517,-15.00685316,7.094687316608656,52.67359540533338
269,-12.29623845,9.482927664,-12.1755125483194,151.31820592093902
270,-8.613186029,6.226874738,-8.956247977308559,73.84391162185221
271,-5.137690249,-4.974174621,-3.9373565937027544,27.59619474996693
272,8.634913161,-11.72395666,7.529596009991849,73.45640814700286
273,0.300873599,5.004512667,-0.2771783156505778,-0.487526992075365
274,-4.447778367,-4.291515374,-4.96624936822746,19.264261400725722
275,3.509000502,-13.59436651,4.4561917755739975,13.26027579661025
276,5.071353111,-9.866664549,4.771263970268055,25.41853323571743
277,6.222319978,2.364321891,5.243039899240164,37.73798582985808
278,-12.91295105,11.25798473,-13.969132283960345,165.68812358573575
279,4.8764629,7.404782375,4.567234171366535,23.470661686442945
280,-6.434238031,-5.650866737,-7.014209107584987,40.81944796298176
281,3.589875964,-12.09124894,3.883397220510953,13.180730693415882
282,5.375840288,-12.72568007,3.9423108258576782,27.466129339941602
283,7.016365917,-13.71560329,9.072720221842584,51.28574498608184
284,-5.910349733,-7.259113504,-5.759540406326911,35.083043293046266
285,5.499954226,-11.41699568,6.188900162573879,30.938442424669137
286,-14.47298815,12.54655941,-15.442948678901555,208.49742546113887
287,-2.740181201,3.554086143,-2.5248847533938634,7.7238894619199385
288,-13.33373704,9.609463508,-15.779742767393891,175.34253772447408
289,-11.29685445,11.42686302,-11.007218328868822,127.90855658561598
290,4.864627483,5.054937192,4.463375297323191,23.263348362682102
291,3.022979055,3.481212647,3.0076366634188814,9.123059975387575
292,2.394079558,5.822103477,1.5403555171163048,4.877892889149781
293,-0.109934608,2.990230608,1.2064185347944423,1.3284387608305561
294,-8.018725141,-6.817519948,-8.085140498185629,64.23353752971983
295,6.73614385,-10.90237401,6.985578868394315,45.62506898628714
296,4.728799698,4.109161397,3.720372312373965,21.35311919817886
297,5.175351101,-13.0987414,6.629881382901342,28.23878930052326
298,6.687541774,-13.76357118,7.480142350642109,45.51581555563717
299,-9.559562066,5.925532829,-9.385015813761516,91.55977314594467
300,4.916628996,-8.614387278,4.519458687464334,23.7760703757723
301,3.210995634,-10.03950221,5.235729577887743,12.335226905454805
302,-0.476923921,4.755284105,0.17216361853517964,0.8765439659571939
303,-7.86372537,-3.875132266,-8.910355720056279,60.79154634472536
304,-0.542980025,6.098675826,-1.8926797570993754,-1.0548724245503747
305,-13.25198107,14.02489898,-13.315664394216123,175.5513189554222
306,1.667304708,4.722458098,1.951309937375084,3.0639102186940494
307,5.89653064,-14.67689829,4.917904311183464,33.79044725964227
308,-13.48899959,13.59487217,-12.953301641702001,182.4888078873182
309,-7.100905819,5.418251019,-6.693304677959369,50.830464591348694
310,-13.34735162,8.393009044,-13.281102985796293,178.21804390212031
311,-10.61857061,11.88939435,-10.698433187717294,112.6741792218385
312,4.729593816,-12.7377406,5.662717283608285,23.30218113195373
313,-9.767129329,6.468596864,-10.473793524940481,94.6901511334715
314,-12.00730086,12.2767779,-12.719316511134565,143.46325829142222
315,6.602559382,-11.88680848,8.738717328657216,45.72994833949343
316,6.899958554,-15.4444776,6.521319581428741,47.23078907434652
317,3.171290845,4.899820814,1.69729597420031,8.583090752781125
318,-5.375495266,-7.278477975,-6.916246177006578,27.355198443781827
319,7.901018282,-11.48785555,6.6253014669243875,61.15037307742262
320,-4.853610726,3.628597848,-3.4495587303175688,24.96158907522468
321,2.958408975,-13.24471772,2.381185407070055,8.174960095430608
322,6.543131863,-14.48827473,6.11954694801377,42.388989661619625
323,5.955630862,-14.56721791,6.143602395316089,35.657510497722946
324,6.537331865,-12.96732282,6.434796236606145,42.63417228475052
325,1.674083303,3.877999511,1.0316816334877783,2.160153235871168
326,-8.050483917,-6.506046844,-6.050538183414969,66.81023703146069
327,7.989467338,3.107192884,7.694732048719292,63.5368530556881
328,3.003968062,-11.94023966,3.1508559442252486,9.170711999741286
329,-5.287011196,-8.443556302,-5.689448552523973,27.55005003010538
330,-4.922096135,-5.294067524,-6.5186472109209435,22.630479286261
331,-5.314275801,-4.039630566,-4.520351046321128,29.035452043773063
332,-1.42169064,3.652970345,-0.8348665238680061,2.6080283919956035
333,-10.96486542,6.953586282,-11.101709354080063,120.09142974463172
334,8.606470585,-13.13436544,9.055964706032745,74.52083005150298
335,-12.24757824,12.18100178,-9.032495701015709,153.21825528390576
336,4.710692998,-7.482718116,4.795574989543549,22.275510512949776
337,0.635980339,7.475453725,0.9034626120829078,0.6719532646774626
338,0.75747198,3.459163308,0.3127382371238299,0.1290300576089503
339,5.519053136,-11.8865412,5.601470870787306,30.54236525277874
340,-11.77046014,14.16213935,-11.58615796220244,138.72803408512638
341,4.682112742,-10.76742873,5.784228511958995,23.024295498757755
342,-8.620260248,3.637030917,-7.412340833136841,75.51680615811216
343,4.961149923,-10.47685131,4.922348155116153,24.574206790599057
344,3.754892801,4.037484015,3.7895356906049993,14.133862836606625
345,1.802095963,2.82743457,4.8041309378769,6.249584834737798
346,5.700420235,-13.30403357,5.770173920835303,32.56454454143276
347,8.098914334,-12.74518691,6.525805952436031,64.0193050079067
348,3.190765138,-10.68061445,3.333028353161219,10.323245381037378
349,1.674575492,2.229168198,0.32632256360106116,1.4559501500081031
350,-7.094063082,-8.873546204,-6.585056959150677,50.83473713424466
351,-4.651552012,3.866747731,-5.9243199563525115,20.364168175988734
352,0.293267318,5.055975738,-0.6047309424352194,-0.8119925406283062
353,-4.669254974,-3.93064786,-4.652108344683893,21.81908864153985
354,3.930453683,-12.47589395,3.3398205358333373,14.857833007041602
355,-11.61928408,4.30575082,-12.230752840387344,134.3962937713541
356,-3.723065513,-5.538284918,-4.857648275867849,12.726634051222103
357,4.882245723,-12.21018427,4.638502882681879,23.59258045943367
358,2.92835384,6.128768102,1.4925838987763929,7.13948627101914
359,-12.96448314,10.38310793,-12.994094780572048,168.04821144677223
360,4.614415318,2.865665141,4.141684946393462,20.820098355386502
361,-9.553575172,7.179454447,-10.383836797693306,90.44053694136153
362,-9.566110138,6.875052707,-10.534953208310592,90.5416201020358
363,0.286232107,3.225261541,1.11582189553559,0.9115186076132494
364,-7.559523051,-3.750102508,-8.11469899024147,56.59121281935888
365,6.342215644,4.425038732,6.36865510434949,40.250138735347825
366,-13.44766894,11.11787214,-13.496516340589986,180.79095251925074
367,-8.086648732,-6.410535288,-5.272119342644757,68.20841710411246
368,-6.786018081,-7.547470127,-7.2343312751817646,45.60172820147716
369,-9.288822417,5.480835666,-8.250622361072038,87.32042195048969
370,4.784587264,-10.89531083,5.540317260896994,23.648005283727997
371,-7.567221022,4.594982932,-6.404814465924746,58.425240551873976
372,-12.01116627,11.72269084,-13.020519066074362,143.25876236951137
373,5.451434237,-10.68462955,5.997422812139814,30.26412381547559
374,4.654975714,-13.67661988,4.642448409833678,21.656271593763485
375,-11.56445709,12.38031386,-10.734375133373621,134.56674974307762
376,-10.76171835,13.84739469,-11.344309658574767,115.23199053615197
377,5.597851266,-15.32731299,6.668424838866774,32.40651236912458
378,-10.17069818,5.763228302,-9.064515937930587,104.54928371072474
379,5.212902323,3.381610576,4.890724367312535,26.852172673451328
380,1.934558951,3.543527589,1.8309707502263624,3.638930134120583
381,-11.8788736,13.66346445,-12.622068090259843,140.36444351451712
382,0.321472528,6.382804671,-1.8648034933165027,-2.082931435057792
383,-8.486469283,5.173597571,-9.397605551298232,71.1090246230043
384,5.876730772,-10.71754706,4.204049806456114,32.86328360102784
385,-14.24848129,12.7665353,-16.66515347076485,200.60254689071525
386,-12.75677096,13.96184399,-11.400561857210777,164.09141442868855
387,-11.89916077,10.95011477,-12.518129391746935,140.97105840856005
388,-0.219522842,3.351140004,-2.9600247716940755,-2.6923116515343186
389,6.233588492,-13.36003102,5.665675613202429,38.28971260879726
390,3.912709876,-12.53886827,3.6039894898748384,15.000578187622775
391,3.215556028,4.8314289,3.04023674688821,10.164481288095347
392,4.890164038,5.057528038,6.192390228771485,25.21593050931995
393,2.473805235,3.755600592,3.0725160821136632,6.718423187827068
394,-9.464449398,4.40317797,-9.897014341942771,89.14323746335977
395,7.802119229,-13.59755929,7.212325131526552,60.283270366058105
396,-11.52769419,12.80399188,-11.86969506278587,132.5457324653739
397,-5.127401699,-9.188041767,-5.105006603491578,26.31264327841651
398,-0.634349444,4.38118108,-1.4893583834368196,-0.4526097223337104
399,-10.68705571,10.29545118,-13.39124450009711,111.50897095854648
400,4.35620606,5.634051913,5.695297340507135,20.315622517687856
401,-11.18025087,6.575999602,-11.305104899710082,124.87315548642567
402,3.014369821,-13.03518406,1.9705453322992894,8.04260092905486
403,-5.403728317,-7.266393204,-6.95485224194474,27.64915579900291
404,-5.334949799,-7.095502375,-6.1008829019408255,27.69575625490932
405,2.476533387,-9.385753961,2.9050685507775356,6.561752780703227
406,7.70473131,-13.27733671,8.517541775435806,60.17569502473011
407,-8.13435342,-5.408067822,-7.724275399366453,66.57778358209924
408,-0.53660345,3.647893102,0.059478539203929315,0.8840252517558318
409,-5.431450718,-5.809967018,-3.9459059393241556,30.986201680738557
410,8.072808377,-13.58677753,7.833827923638519,64.93125463839989
411,3.888936059,4.256583915,5.430602442391284,16.665490054381735
412,-12.68958993,14.15200437,-13.26188315942766,160.45339936212974
413,-4.642599257,-8.471782735,-3.7821436989726496,22.4141834191243
414,4.099768962,-12.124943,5.286358175378002,17.99469475515656
415,-5.284028764,-8.354580519,-3.5422394838186912,29.66274925896068
416,4.527993613,2.93825183,5.066773281629494,21.041505827998286
417,-12.38078302,12.54836219,-11.079180520493605,154.58539068782673
418,7.951260513,-12.49816573,8.185790154097113,63.45707338669014
419,-11.05354128,13.68997219,-10.681703357986661,122.55261275067737
420,-9.774258963,5.741085419,-9.679712623816675,95.63068461496916
421,9.736205197,-9.902378532,10.855951719637089,95.9134381607269
422,5.501828906,-12.10829827,6.192367902974862,30.96066030787202
423,-6.404267237,-5.626090799,-6.255690154991059,41.16321592492056
424,7.449075144,6.066714051,9.261250625332272,57.300895982290896
425,-13.84353096,10.5984917,-16.108082337267785,189.37879806321075
426,-10.62485648,5.514646869,-10.677630782176735,112.83480091842127
427,9.434451333,-11.14957295,7.589250990013924,87.1636716117594
428,8.578507138,-13.84279032,8.711462292103333,73.7237398708203
429,-5.005985135,-7.889527187,-4.612298734164703,25.45357357267627
430,-10.80574594,14.40576482,-10.521300249793427,117.04859101003304
431,-10.43797392,12.79498839,-9.613301222820684,109.77597225177946
432,4.467572858,-10.72595181,3.5605849493964667,19.05221933293475
433,-12.13777556,12.58072028,-10.841964466993895,148.6214066379394
434,-5.11438289,-6.133611439,-4.7397832436548315,26.53151199186992
435,4.22431633,5.425678,4.278414087877658,17.898946213782324
436,2.139465962,3.042110544,1.9345190004444213,4.372367641001007
437,4.834788555,-11.03318551,4.050814573927322,22.59120639048631
438,2.243398554,-13.74636871,1.2028858124475712,3.9923243305368628
439,5.753434033,6.830205502,6.088648847204349,33.43721798628699
440,7.144648508,-11.91694079,5.589241374439147,49.49059516930578
441,7.091787885,-12.98623929,8.537059535278294,51.73872705611106
442,5.063811042,-10.80662369,5.184382399934836,25.762753627015964
443,-5.289943448,-3.914506156,-5.893587056892132,27.379858074145996
444,5.595914755,-12.3227501,5.3390008258692,31.057348016095908
445,6.310276141,-12.53225698,5.9875204086302265,39.496829243304084
446,3.562236759,-15.84122744,1.9814517092962172,11.108745677467041
447,7.879916971,-10.8804268,8.875615936665973,63.08879043551979
448,4.910699621,5.709695521,5.855021427281901,25.059292573971447
449,7.594694452,-11.75472792,8.33874169045761,58.42343105769719
450,4.884986642,4.312453983,3.6725463986823943,22.650654249200834
451,-10.27790003,4.289370882,-10.190539748248698,105.7225893084253
452,0.291577757,3.551578218,1.1477441897859046,0.9411840211630556
453,-1.115622294,5.617256499,-0.11675553443920272,2.2434798624306196
454,7.602733398,-11.08073131,6.9711864073378935,57.170008130402515
455,-1.38232747,3.363002104,-1.3907025455223683,1.9024541587942323
456,4.160317771,4.952858915,4.298664468448709,17.44659065314712
457,-1.642893581,4.034458568,-1.4416235471905086,2.9003693523004954
458,8.095379848,-12.0013211,7.375454759480141,64.81524979488465
459,-0.0479864,2.893059063,-0.6940048505887075,-0.6437157560037475
460,5.423011677,-14.71825969,3.8884132963900226,27.874457268268372
461,2.890912095,8.92569176,2.4364643180010863,7.902924964018377
462,4.375843873,-10.00482384,3.4216169145330952,18.193782642404734
463,6.869660068,5.318774032,6.392618130234497,46.71518751210826
464,-9.963187317,5.911718641,-11.908826476435612,97.31946235419403
465,-0.396241015,3.726995701,-0.029006152083119185,0.524241804885111
466,0.46409081,4.691366043,2.3297136890293078,2.081003158955764
467,0.932878277,2.848766581,-0.02301666345347586,-0.08563306075498711
468,-13.12171119,11.50512615,-11.68942378309543,173.61159196067578
469,7.579620937,-13.0205555,7.310971501955242,57.18200411356399
470,2.927262677,5.460226822,1.9378498494760006,7.579453952633207
471,-8.681513874,11.72695757,-9.707842166819667,74.34235485163482
472,-3.605971482,-5.369980096,-4.129933336351581,12.479068474645699
473,3.259385941,-10.22157719,4.825685851370338,12.189896622758795
474,3.888331501,-9.930204551,3.5185467310813543,14.749337091750268
475,3.614237696,3.175470941,3.1552494352013154,12.603725862388703
476,3.516190443,-10.37382978,4.495834136578803,13.34323892502334
477,2.708696462,-9.795015061,3.546440692227582,8.174780753478899
478,1.820597064,-8.841274658,1.39707942781508,2.8910560332605
479,-0.835126792,6.304120874,-1.0496635273559902,0.48290002336022086
480,-5.841320483,-7.214554285,-7.266545427122736,32.69580004099261
481,5.084440191,2.853780141,4.728492291036865,25.495584155892978
482,6.550141843,-10.96876243,6.535579395211291,42.889795715630726
483,5.476551934,4.086881696,5.731787082479656,30.247856234278792
484,-4.842632414,-7.543599283,-6.162966858361678,22.130754252761786
485,-5.946884015,-5.944232331,-6.468900753109011,34.84341274975351
486,1.313751317,-10.51210813,-0.3757647941934896,0.03642641172574468
487,5.351621259,2.81369537,7.341377071802472,30.629605912583216
488,-5.591478789,-5.397858347,-4.898257654326455,31.957856182510447
489,-5.566149082,-5.668479256,-5.057213052641996,31.490951632407445
490,-8.107849432,8.597968352,-7.4020646400333465,66.44300720394938
491,-0.499308811,5.082810132,0.8720801182665331,1.6206982180087668
492,-0.376912759,2.858674014,-0.8073260624204993,-0.2883500755235072
493,6.55082694,-8.452454866,7.263784430136269,43.62629108796604
494,-13.80742725,10.5746244,-14.619560034924984,189.8329144791176
495,-12.71774116,11.17571518,-13.500045746277658,160.95863562648046
496,8.828238756,-14.41920316,6.056026495315457,75.16558727225588
497,4.767747648,-9.533590203,4.1412009179154685,22.104870904925004
498,-7.739661926,5.870621419,-9.523389970176382,58.118638684597656
499,3.455215618,-10.35334443,2.955922830114681,11.439222178985803
500,-12.08439687,17.20976153,-10.873298796703825,147.243745784962
501,-6.702370371,-6.925418274,-6.846980443480923,44.77715851757775
502,5.90765747,-7.628161511,6.532685907370254,35.52544522021706
503,3.084126059,4.936419612,1.7277377948431416,8.155445283646012
504,7.381097226,-13.52587423,7.984051915171125,55.08355094883602
505,-6.896270256,6.246783959,-6.0065614693316896,48.448252230458614
506,5.331034042,5.051403588,5.59271207319706,28.681601988159915
507,1.05353,-9.009835853,2.7173500604487413,2.7737455213487414
508,5.757748201,-13.34272759,5.2963690723097745,32.69028521742851
509,-9.534310751,7.367602896,-11.059822444150807,89.37756980348337
510,-5.826460316,7.502498735,-5.841825577979838,33.93227455194299
511,-9.09513226,3.186405358,-8.722843932019762,83.09371915487294
512,3.577884942,2.956136916,2.3194121080851247,11.542787824275468
513,2.222140747,4.054765011,0.8377402227452206,3.5535089752229387
514,-11.73813217,13.67027373,-9.73615462109001,139.7857243892989
515,-8.117275394,7.238520038,-8.690833887106333,65.31660132893153
516,4.497593364,-11.44170774,4.4523877265764265,20.183140430473262
517,4.936023325,-12.49731705,4.9346213146330316,24.362924254577084
518,-12.53655738,8.029021933,-14.725046933647032,154.97678138838543
519,-10.54684003,7.875828118,-9.653775567600066,112.12889908081034
520,0.046362639,5.043816319,1.087518054066427,1.0433049093614715
521,-10.66322028,11.53259854,-11.807321233935182,112.56016578586812
522,-9.160232166,6.005044608,-8.360702925930195,84.70938257509086
523,-8.296800392,1.387461116,-6.542740968809547,70.5909561678818
524,2.129639535,-13.17138096,2.9401117523921325,5.345836766427149
525,-13.07653733,12.17197287,-14.908554541205806,169.16381133167775
526,6.044599035,-11.54959422,6.475309977256114,36.967888436179045
527,3.803413996,4.338554799,4.591928855297716,15.254472884266406
528,2.821955347,2.84200484,0.7826978919328877,5.924174525394777
529,4.3684625,5.17568121,5.885053067237265,20.600055181143514
530,4.586120959,-13.26737988,3.482747451764226,19.929131943343304
531,-9.083960617,4.401531902,-7.813519865392851,83.78878124281418
532,6.834110933,-12.50176249,7.031275428429224,46.90223673997935
533,7.862674487,-12.6521971,7.673413638417988,61.632389239938696
534,6.649256352,-13.91211677,6.7592083525940145,44.32256203520636
535,4.33858563,-9.361257835,6.554202487139722,21.038942125982217
536,-9.957990041,4.827457171,-11.478750163201367,97.64080553445382
537,-4.262152898,-5.969579344,-4.741654440807034,17.686445783122767
538,0.711019312,4.882234829,1.3530440810789686,1.147573231115922
539,-11.69866004,13.20954862,-11.23674521698957,137.32056155450323
540,8.914327406,-14.704256,10.211006084185222,80.7619117795479
541,5.729126848,5.401535999,5.1064207454581165,32.20018833793253
542,-12.41823811,14.87402821,-11.244818946683749,155.38605691997265
543,4.615750965,-11.77609312,5.663451214412483,22.352857220310916
544,-6.953721292,-4.355859067,-7.883665428725128,47.42429567008902
545,2.663348051,4.316430415,3.393474056178725,7.823548845944223
546,5.617051467,7.401958321,6.527480939341416,32.46169665526826
547,-5.499158394,-4.476613655,-6.137617992529936,29.602283443770727
548,5.327009849,-12.49709158,5.848704353754034,28.89872843609704
549,3.806088305,5.310800742,4.247519097999575,14.927738978457347
550,4.732379006,4.910245777,4.9503824823433575,22.613414532772907
551,6.524814237,-11.29377509,6.694351728003986,42.74273831836188
552,2.807345129,-11.6563099,1.7926603217451302,6.866501866065158
553,-4.230012312,-3.24209362,-3.5408285576584113,18.582187914013176
554,3.443330206,-11.48366652,3.5024134313036925,11.915606132855695
555,-11.7760201,11.68288713,-11.375624772880053,139.07504472272396
556,-12.33742013,12.25289621,-11.014023848904188,153.53533174522505
557,5.239170039,3.512821655,4.68740008901359,26.897132747568854
558,-12.7700479,14.45824287,-12.668484476551052,163.17568679174335
559,-9.230700446,4.401942932,-8.850509893250564,85.58602127653404
560,-10.30320414,5.364413646,-8.989395549220403,107.46982414129275
561,4.089702968,2.233247118,4.808843830057397,17.444811228525406
562,-7.302612902,4.690451641,-6.856737502991662,53.7740305954652
563,3.50387416,-9.953131454,2.7677722104695563,11.541032179585264
564,-9.073391127,4.603868909,-7.582686582576593,83.81713108794575
565,-4.930384824,3.575983293,-5.740521280717457,23.49855805601205
566,-10.7401922,5.422142548,-11.9471895582165,114.14473113472432
567,-3.99939154,-6.076613394,-4.700629539636548,15.293894690587022
568,5.508704523,5.590806037,7.103840423358825,31.94096142207948
569,-9.393993534,4.712435044,-9.033848848918545,88.60725920191526
570,5.532337389,6.489506015,6.170142245963456,31.244561842690796
571,6.123960387,-13.08163369,6.489075926371786,37.86800636091698
572,-9.928842664,12.29844224,-9.409691421053251,99.10106788941336
573,4.40397787,4.50784608,3.9432902156912606,18.934333425141002
574,4.643601019,-10.56012983,4.506756608172753,21.42618601283059
575,-5.21478301,-6.126256458,-4.760899904550341,27.647844946834315
576,-12.69598313,11.32570465,-13.494818099638632,160.38915266760597
577,3.680530416,5.807976375,3.6623321175579733,13.528105844659105
578,-5.864646336,-5.664109246,-4.287590681223653,35.97113230113457
579,2.42361686,3.151202548,1.7643144825000208,5.214616306576281
580,5.988368104,7.658016232,4.706124954053946,34.5783093990585
581,4.949586018,-12.24650176,4.972204655652632,24.52102038723373
582,4.396080536,6.575544249,4.741712489147162,19.671156032145213
583,-10.96299189,11.78801392,-10.610819287643693,120.53936378256206
584,2.358453979,-9.544639455,3.6332484600493284,6.837099652110261
585,4.682543055,6.977237215,3.0530670263566955,20.29673343328543
586,5.116843702,-10.77483681,3.8306678486569203,24.895913617353983
587,-7.181791133,5.654683752,-8.376447841269485,50.38346716976794
588,-4.391349467,-6.045076355,-6.6012158221250195,17.07408378619617
589,0.608021071,2.136221788,0.035070362453508364,-0.2032610857665046
590,-12.06915898,12.50790696,-12.710489157334441,145.02326830718016
591,7.34261165,5.211770987,6.5804170713762655,53.15175126409199
592,-9.123526509,6.012049506,-8.119126084277092,84.24313638514862
593,-0.384152351,3.687509089,-0.11436406088034046,0.4173613188984867
594,-13.17998851,14.02231434,-12.52729867027378,174.36478696345822
595,4.003164821,-9.725828044,3.866004135446255,15.88816789853822
596,1.064041696,5.741872572,-0.964814888066315,-0.8966718532397584
597,4.025362852,-11.98243859,4.046004289809317,16.22418752807089
598,7.128498482,-11.06411062,5.53368050639377,49.22067263227007
599,6.352334338,-11.14524537,6.181605065564857,40.18142226929876
600,-12.31086135,11.98891849,-13.315415674756329,150.5527528541675
601,-9.741011503,11.19555126,-10.012547681901994,94.61576892267631
602,-1.896186174,2.826586287,-2.2742630278408513,3.2174451526279064
603,6.89245127,3.595636459,5.62034138470909,46.2337746240337
604,2.610856204,-11.7841001,1.680744871889594,5.886458785854884
605,-13.78224428,12.65035509,-13.954896050028951,189.77760562356377
606,-10.78727623,15.01928884,-11.163464929232074,115.98913976309093
607,6.764554384,-12.97536894,6.091375302365624,45.08601693245925
608,6.812911389,-11.67367102,7.714502355878251,47.317352561244164
609,5.45846831,-12.46501059,6.124851714132049,30.4612596954063
610,5.692296542,-11.96039952,4.858309182150647,31.56825256221581
611,-12.26319257,13.5566595,-11.842064789567486,150.8070197893357
612,-12.74032815,12.33576426,-12.834793421477611,162.2214960982048
613,-10.34565547,10.84143552,-11.583768086761578,105.79447448717934
614,-13.28718655,12.37897796,-13.340762572623259,176.49575039187764
615,6.961955428,-13.99325928,7.201863896719271,48.70873185017793
616,3.220669472,6.914506059,2.6212606925618935,9.773303068434654
617,5.416487777,-12.66048661,6.6113584542271475,30.533210515617554
618,3.097388619,-11.45548802,2.4030881165118014,8.899515754622529
619,-13.32441021,11.5940821,-13.854361384973965,177.00995626937828
620,2.370216921,5.225918698,0.9031748118678666,4.150886143462587
621,3.43022266,-11.66303167,3.632750529878637,11.968955367056113
622,-7.043912199,-7.506695396,-5.897139868477128,50.76347139774389
623,5.948187795,-8.368885496,5.7864979785940704,35.21924822818103
624,-9.173616612,-5.329239944,-9.533376070766437,83.79548228519593
625,5.551816472,-10.6325771,4.6360365740473615,29.906886240817883
626,6.215169132,5.204896844,4.056219757402941,36.469377964768576
627,-4.529263526,-4.859350869,-4.3762318504278,20.667259763526157
628,-6.416118322,-8.300753945,-8.742009105444303,38.84068353845979
629,-6.767743163,5.850745203,-7.72125269647789,44.848837986855344
630,5.369829267,3.58085498,5.241201295415693,28.70643838514545
631,1.91039812,-11.34882968,3.133992424769782,4.873215281669316
632,-8.814331778,13.82248967,-8.295252018200213,78.21152445246041
633,4.728791281,4.188860515,6.301704543808087,23.93438024206971
634,6.373272721,-12.36694577,7.82316796123051,42.068500416473256
635,7.207453859,-12.0978549,8.828324997811391,53.56826226842538
636,7.344416089,-14.47649403,6.212561934140011,52.80859353350207
637,0.941977627,5.709594942,-0.23103618365530054,-0.2856919608867494
638,-8.771793286,6.529662894,-9.126022778427947,76.59012795988671
639,3.708288088,4.4608854,5.710527227529326,15.753639683132024
640,-5.658286861,-7.276687596,-5.604468533013195,32.07002852935204
641,4.51118219,-15.48813048,3.9401564903528605,19.779739051726057
642,3.408578282,2.747633895,2.289322823079183,10.499150445601256
643,-7.189295715,3.801643917,-7.047517030989062,51.8277515617283
644,-14.54775751,11.95264382,-12.497187771395541,213.68781830836585
645,-9.168857027,1.981860088,-9.697210780349154,83.53958542821812
646,4.742941239,-10.95066783,3.1995511129089156,20.952101470515775
647,3.630064985,4.804991133,2.864939117338997,12.412245927662047
648,6.295194825,-12.12437465,5.270951050887126,38.60523411059391
649,6.770874765,-11.0434407,7.633102655294661,46.70697297360847
650,9.242031906,-11.02428028,8.496642269456077,84.66976411497807
651,1.23923946,2.954466556,2.7090290829065116,3.0055040621276032
652,2.534763125,4.36424151,0.44411992952657986,4.334380904386345
653,3.921853096,7.250617947,4.949631606003909,16.408710216608696
654,4.095936316,5.017781527,2.400278299574988,15.081036288302643
655,5.991521863,4.046508015,6.458637342529647,36.365449714336634
656,4.231230603,6.480201434,2.629735935300464,16.30181774806421
657,6.077608386,4.810965243,5.718811958749568,36.578527266327086
658,-8.684669483,6.028228149,-9.079400713229347,75.02875279872215
659,-4.397210085,-6.707643801,-3.970472202251061,19.762194414374648
660,1.385743734,-11.32758367,1.0001950575473635,1.5347370198676265
661,-12.11472845,13.07675964,-13.72406917604364,145.15730469119575
662,3.522289154,-12.28317194,2.941102789208949,11.825334519594985
663,-8.494595941,7.846220514,-8.75415664291433,71.89859949893935
664,3.078601321,4.227254641,3.367425752357195,9.76661052502014
665,-8.272409343,6.474045477,-9.296200824280573,67.40896485687311
666,0.657833895,7.578349039,1.5471735648522826,1.3220851032631535
667,5.176508701,-11.39001925,4.5278447338722945,26.147578364401003
668,-7.771183093,5.666574477,-9.145566679808276,59.01690307812078
669,-1.408243971,3.902956444,-1.095320120155908,2.2960749327019414
670,1.218972025,-0.306861804,-0.16079667938085818,0.10612409335174244
671,-1.221957109,3.704712555,-0.8935252395960251,1.821611045639613
672,2.968584945,-11.28300244,2.493125476232862,8.337037106913515
673,8.449981319,8.091958523,7.0625184001024275,70.01472137255142
674,-4.455727861,-7.177195946,-4.2071854588989765,20.102053173392655
675,-5.573474668,-8.877392357,-6.129581865599049,30.507512677238662
676,-11.75457354,10.49614169,-11.617869496698235,138.30670315056992
677,4.150848351,-12.35932357,3.778384032478673,16.857077714478088
678,-7.034487727,-6.737321179,-8.301956946946767,48.21654836136686
679,3.242451078,6.185175968,2.7254070779360426,9.996444993159406
680,6.47435019,-15.39192378,4.482655629715975,39.92551582246901
681,-10.50476986,5.81088893,-10.56645734497237,110.28850232659205
682,9.1943354,-12.86887897,9.091334515717996,84.43280256341116
683,-8.158928408,-6.84005369,-8.463874024961095,66.26316714990831
684,-7.962757011,-4.547301686,-8.451564558271532,62.916691668958116
685,-10.19449167,11.68718545,-9.164739760605247,104.95741231909413
686,-7.530080942,6.083233056,-7.7610587457180875,56.47114118935351
687,-3.724496693,-2.962989306,-3.6711726676709344,13.925199641497
688,-10.76455071,11.57347045,-12.366981882434159,114.27312081572734
689,5.351622254,1.570919276,2.354882134099686,25.643120629607722
690,-10.68815838,15.08247662,-10.427368416323672,114.49751951964058
691,-7.582093946,6.206689586,-6.049611478230177,59.02063107373967
692,-12.0102396,11.98135043,-12.547678967301968,143.70841588210618
693,-10.53411534,3.63976936,-9.511129470205596,111.9905718662177
694,4.874634933,6.618391291,4.290774411066001,23.178205208089917
695,3.226413616,4.246737681,3.5952055038676254,10.77853670937782
696,5.184588173,-12.44944204,6.759017813101302,28.45438416371278
697,2.530860007,4.61818563,4.73275722073341,8.607149588765449
698,6.592754763,4.286250068,6.110280019576471,42.98194062163566
699,4.821389171,4.533467165,5.04273202714229,23.467136394378354
700,-5.434094423,-7.222444136,-5.464565957814756,29.49891066326495
701,6.502328855,-11.95827618,4.630297823062244,40.408249506627854
702,1.371860067,4.318772859,0.12979565113789948,0.6399356275671442
703,2.13602362,5.02702169,1.4362028456003602,3.8627761307982644
704,0.762442608,4.25102419,0.8512071463446265,0.6700832688384681
705,-7.690696493,-7.945634697,-6.969504950329101,59.8680040901134
706,7.490916062,5.197018984,8.056919891656642,56.679827277586234
707,-7.248770133,2.089471012,-6.714150189133601,53.07928838493923
708,6.918382685,8.066003337,8.348745334229736,49.29438162533754
709,7.693342002,-14.23290527,7.55800113085333,59.052170288590695
710,1.096037731,5.936201714,1.5162196215746566,1.621480598350285
711,2.989732037,-10.46383795,0.6744863340033609,6.62325195006753
712,0.97434308,4.241370989,-0.48992668224432523,-0.5149253247004388
713,4.096530761,-12.28761936,3.2943577508429485,15.97939126566219
714,-5.742001387,-6.049344504,-5.795250004502562,32.91733131080736
715,4.746958555,-11.6816278,3.095261821607413,20.8819187894951
716,4.396348934,-15.26004897,4.099888458632704,19.031423474115638
717,5.681747078,5.433820101,6.058745950793614,32.65924873115515
718,-0.952467504,5.259942093,-1.6870602866765778,0.17260156349941225
719,-4.85598884,-6.080242683,-4.511862794246167,23.92475365995838
720,-7.468279825,3.304543389,-8.321573415175763,54.92190995432627
721,0.976051162,4.440621847,1.5974777500973971,1.5741024589389472
722,-1.77290753,4.429462223,-2.7504404687910684,2.1656681711396315
723,-6.870525151,6.994335291,-7.545747418886473,46.528893582637096
724,-8.380465884,5.156178657,-9.509611996161702,69.10306232072618
725,3.244286231,5.540272842,2.1179716779196407,9.399078595575824
726,-1.221700554,7.168945847,-1.0875661838995327,1.6266866137443745
727,7.925613167,-9.988088247,7.296577117244695,62.18630802316846
728,-4.012142895,-5.038997827,-4.0378770268559405,16.071556478043043
729,6.006402406,-11.60217184,4.796918565591586,34.86738602239418
730,4.979435995,-10.93698886,4.292040176838838,24.107387010140478
731,2.095989467,4.053413097,0.4109621780796813,2.7081445568546254
732,-7.826793509,-8.430396134,-7.5711471997714215,61.514342941753114
733,6.100992996,-11.96929087,5.359270051806503,36.480392593047554
734,-8.598656486,5.175640878,-10.956374146176538,71.57917570405333
735,7.328149995,-9.323608614,7.354010767856227,53.72764312207473
736,2.728496687,4.62016642,3.222418378296143,7.9386158622661185
737,3.159051259,3.730202325,1.89991287688759,8.720466474877075
738,-9.56783391,5.851936899,-8.384113427254826,92.72716621209105
739,4.268200653,4.511146933,4.783898994389628,18.73323515565926
740,-10.8278244,10.04555947,-11.465428129795134,116.60417750744024
741,3.740475071,-11.00980522,2.3747045449137847,12.62538323068624
742,8.293536392,-12.55297619,8.636814918599638,69.12602441202802
743,-0.719481379,4.967559204,-1.4986966392785352,-0.26156180555079356
744,6.080694466,-11.69953705,7.812102386507397,38.70625310935042
745,2.639629693,4.901857011,4.462121004125656,8.79013622729293
746,4.481780562,-10.0820504,4.350435056131978,19.95501150005301
747,-6.927988098,-7.315531909,-5.951078529303573,48.97392865472609
748,7.842221274,-13.47700746,8.723121881209691,62.381335117587874
749,-11.06710932,11.80521634,-10.825722204507459,122.72229581632341
750,-12.553297,13.01002558,-11.611333506557648,158.52722906365136
751,3.322243222,-12.50373556,2.8047598628312045,10.519816666956146
752,-5.157256066,-6.884881161,-5.903084926167868,25.85146127012593
753,-5.084746792,-7.362583758,-6.074659621486905,24.864737109267384
754,3.326977374,5.062208035,4.2374354141515616,11.979236487259497
755,5.509282823,-5.590162598,3.5282905120747605,28.371204912877616
756,7.481154431,3.040763794,6.818599696841364,55.305116886312305
757,-11.80437583,11.96083948,-10.557299858556606,140.5903647073316
758,9.87669999,-10.27465413,9.322044848147197,96.9945475506132
759,-7.289094375,3.924407198,-6.855805428128989,53.56418575452766
760,-5.844496469,-6.192826248,-6.5104966616276245,33.492138783525846
761,9.043998441,-14.48518755,8.50538616711672,81.25529552692714
762,-5.488464905,-5.059537164,-5.39897124352836,30.2127406748883
763,4.964848627,-11.38216713,6.242292393811092,25.92716565583488
764,-4.216662314,-5.777404908,-4.400872939214955,17.596030445092875
765,5.908570231,-12.99241408,6.061069098158693,35.06370104181808
766,-10.28599503,10.99905927,-10.231109986511017,105.85657880067369
767,-3.331846258,-4.843700651,-2.7287212917019965,11.704324453246606
768,3.560168631,-13.62404016,3.0772981514220636,12.191930201578476
769,-15.62798946,11.59558151,-17.548361337665586,242.3136826842055
770,-11.97901791,12.76948041,-11.578413496298426,143.89747450180235
771,6.899909309,-11.1634778,4.8210366631222925,45.52987582654715
772,-10.46107061,10.78457144,-11.662856284843762,108.23221263256201
773,2.122935547,2.207648834,2.1047515375630783,4.488671327279267
774,-8.720580688,5.341371035,-8.555114644078275,76.21399357984028
775,-4.98438495,-7.372950597,-6.140707464123741,23.687770815662763
776,-12.41492656,11.45820129,-11.829714353955058,154.71561369623836
777,-10.11862947,5.206409952,-11.557249287357898,100.94804253379458
778,-7.586299357,4.912917628,-8.101374522822576,57.03686276819604
779,-15.53850754,10.99032143,-15.064631603208872,241.91909250742796
780,7.920595861,-11.7510462,9.411752953651861,64.22699588594219
781,-6.49256877,-6.521485815,-5.421824167719738,43.22419383545958
782,-12.66372642,11.52405866,-13.838271055884483,159.19542220472152
783,3.306516608,4.834518413,3.5680313597390065,11.194566830718832
784,-12.89267515,14.22141621,-13.687809632416329,165.4259380410112
785,1.316489199,1.848396942,1.6387326544329355,2.0553872665165973
786,-11.90607406,10.88387163,-13.375679408535433,140.28499417366945
787,0.005719943,4.797339797,-1.9690641327510927,-1.9747513580031693
788,-7.847115205,-5.099779972,-8.910083191251639,60.514249054290545
789,4.959701688,-12.48568056,5.357838961755526,24.996778107705577
790,-10.45360472,3.892047265,-10.842588732411574,108.8888676295947
791,-6.176454798,6.216722422,-4.982825684780035,39.34222298495718
792,0.761324214,6.459059569,-0.4104587222003053,-0.5921683773775875
793,-4.273890584,-2.567550955,-3.6728077067059157,18.867223601297948
794,4.969732135,2.883027506,4.979663605359884,24.708168964011545
795,7.814707334,-8.520258387,9.302849379031578,62.55779276110498
796,-4.679095539,-6.502593483,-4.197962953484658,22.375067648605047
797,-11.13950158,12.84600665,-10.658474277943103,124.56952275287938
798,-4.699947198,-6.305051776,-3.8691565997900867,22.920294262197967
799,4.542672135,-9.015730832,6.290665087213467,22.383863078318925
800,5.649307816,-12.50687539,4.294552467454906,30.5599234513736
801,-12.64858689,10.74976514,-13.51888852171741,159.11644868216248
802,3.806075767,-12.354612,4.410492218639288,15.090629195783926
803,3.533236692,-9.279249576,3.165589781595955,12.116114611291056
804,7.798371135,-10.96343031,8.329569385937132,61.345790610138316
805,4.082503716,-13.06787764,5.146021855651383,17.73035473080519
806,3.10341013,5.148524186,4.353271901935041,10.881016206921657
807,5.294375221,6.976911392,5.750094628253784,28.486128387992586
808,0.707526963,4.220970593,0.2770295704201069,0.07009701079211028
809,2.24998667,5.168074941,2.0269759469932347,4.839429292170925
810,-6.702717756,-4.601934557,-7.4209477626489555,44.20819530994872
811,-13.71195994,11.10699118,-13.522765908676929,188.20703942748787
812,-7.171824912,5.874310836,-7.577347096015861,51.02955038436795
813,-12.92356331,10.49862242,-13.179014577489438,166.76303736008873
814,-1.703072946,5.224059197,-3.120265949684922,1.4832644557121968
815,6.790642866,-12.16216428,7.29395959151391,46.6161472590706
816,2.579609446,3.168114306,2.641612342920763,6.71638779081319
817,2.365359199,5.194156304,1.4374476042254476,4.667012545519368
818,7.739092428,-13.68882183,7.788319606985361,59.9427787881123
819,-11.22660869,12.06378762,-10.193846640968957,127.06950472741458
820,5.449130902,-12.43984796,6.426104272175693,30.67000095730703
821,4.253894292,-12.4043223,4.9916084602195925,18.833330815729774
822,-15.0820093,13.42177992,-13.81248558033582,228.73652824495065
823,4.391100895,-12.00541788,3.671539210663275,18.562205385733076
824,3.751935778,-9.641049467,2.371712833848231,12.696799138084696
825,-14.3809816,12.35465283,-13.779052664999282,207.4145607145393
826,-10.96530955,12.55560372,-12.126157068392255,119.07716600892896
827,3.936491308,-12.05889488,3.7344459586644883,15.293918468624039
828,-7.548973539,4.145230584,-8.106453104093077,56.429521927429114
829,-11.70754735,4.400845133,-13.225157440099164,135.54905486239286
830,-5.942529661,-5.392806076,-6.894684999302287,34.36150343356249
831,7.090744321,-12.89996256,5.966350776070003,49.15426148086375
832,-5.713736182,-7.215157989,-5.769336446381035,32.5911808931149
833,4.675780623,-12.16871326,4.880607297686041,22.067751109108308
834,-0.642595262,4.081691743,-3.804861149374081,-2.7493372166292325
835,-9.693785591,5.838646732,-10.664466247562117,92.99879842771708
836,2.580614657,-9.280005582,1.9287323961377791,6.007689747061006
837,-9.681493586,14.39331407,-10.824495868757275,92.58831577300187
838,-11.17649285,5.575642125,-12.484893955991781,123.60559132010935
839,-13.96333168,13.91739541,-14.657431989888112,194.28053129580348
840,5.415605404,-14.17111385,5.0646164512094884,28.97779293904349
841,-12.0394046,13.68736466,-13.021953271530329,143.9647144509708
842,-8.843672384,-4.549838238,-9.313941932060898,77.74027168746333
843,7.598007793,3.667852663,7.059119919472193,57.19083454896092
844,-8.135843191,6.880654258,-6.902676851541958,67.42511076799909
845,-4.075538083,-8.998947547,-3.5560188572844824,17.12952989169883
846,4.356337296,5.272495155,4.095705669382811,18.717043009903406
847,-10.51955735,13.43748748,-13.14324941117407,108.03739477876495
848,-4.147367246,-8.001879527,-5.239533916443044,16.10848840275058
849,6.444150836,5.009663604,5.759121772237222,40.842050933356724
850,-10.35631765,6.33240245,-11.09644517724818,106.51318774045333
851,-12.05584782,13.96239093,-11.712796223285732,145.68651825571303
852,-12.4206878,10.08571045,-12.961850025704251,153.73232319936457
853,3.646435681,-12.49088327,2.1151937389059867,11.765251233575919
854,7.514324579,5.411823239,6.820262751124637,55.771012050688164
855,-9.640559246,3.905480714,-9.605760113079596,92.9751817085565
856,-10.06966699,4.076487026,-11.771741896461553,99.69611838303412
857,3.736316695,-9.63215343,2.467507522465953,12.691253272801678
858,-5.927495983,-6.091384334,-7.321793608953204,33.74091100252794
859,6.183130373,-12.27755657,4.887906036179203,36.93587687269432
860,-11.56550918,10.92419277,-12.672351417064307,132.65416035559994
861,1.443949132,4.44812882,1.297193556598741,1.9382335204022945
862,3.571339775,-10.90762202,4.59310566693302,13.776233680430073
863,4.452426106,-10.43282492,4.561450911980476,19.933123035370798
864,-8.736437105,6.30188166,-7.341061691617972,77.72070870300281
865,-4.365581615,-4.808430014,-4.309175365020598,19.11470908720541
866,1.34781359,4.992034876,1.5583066055055044,2.027094488894192
867,-11.05246963,9.790534387,-9.674685305356823,123.53486924671549
868,3.208189905,-12.79152374,4.225890454846102,11.31018301639001
869,6.325741651,4.043482936,7.6654345774650965,41.35470036166131
870,-8.250825243,3.623743846,-7.355791600281835,68.97115083324417
871,-10.28020777,6.614625713,-10.574346447002354,105.38853311736604
872,-6.64777073,-3.413082217,-7.102530261381195,43.73809614726355
873,3.532064897,-10.98784667,3.0889362219210414,12.032353761540662
874,-7.021079633,4.691671742,-8.183297909407028,48.13334093652039
875,-7.296118495,-7.685868907,-7.226589103217855,53.30287448486321
876,7.136613657,-10.32573718,6.395178224676146,50.18981905695506
877,-13.51737762,12.2543834,-13.56793476830922,182.66894057336762
878,-12.00612394,8.818270418,-12.661541261342329,143.4915947412988
879,5.691553522,3.757336061,4.741221659839207,31.443449631629818
880,-10.78575719,10.6054312,-10.705909931446106,116.4124054201906
881,4.717578638,-9.604557016,4.98961354688152,22.527583114595455
882,5.097467091,-12.71742247,4.436234632894251,25.322938285722255
883,-9.964866799,13.27104771,-9.109859839913758,100.15357728089873
884,-1.198009742,2.215641679,-1.3474626776933505,1.285774406233556
885,4.687634543,3.879251701,2.788295433360772,20.074578499087586
886,-9.378450353,5.46655838,-9.333916587900088,87.99986478878573
887,3.212053561,-8.25237787,2.5272848381267288,9.63251935585951
888,3.769616882,5.005069656,3.19812302857896,13.638517583638361
889,-3.301662842,-7.838633958,-1.023033941154687,13.179606423088828
890,5.486492764,-12.24799876,2.371643402087811,26.986753487512175
891,-1.224478559,2.910666656,-0.5749459040316826,2.148880396419034
892,-5.020720375,-6.649551001,-5.538533943393806,24.689819515546333
893,7.445873668,4.93121166,7.699438323274714,55.69459933509049
894,-8.521718008,5.123595648,-9.74924642053697,71.39214939533453
895,-7.119810652,5.633299417,-8.187701064008625,49.62381330832404
896,-4.443297897,-5.107879787,-5.373311024721165,18.81288307376346
897,-7.01177378,-8.112821683,-5.864232833849954,50.31251248804554
898,-7.366825653,3.841066708,-7.044190064984073,54.59275578971481
899,4.851075915,-12.91279957,6.621498278506022,25.30335989659911
900,-4.190744822,-5.522579561,-3.006630134487251,18.746456850632562
901,3.891186832,1.162239036,5.850249833895134,17.10039796342533
902,7.367412622,-13.65714976,8.744143823386924,55.65549994419184
903,4.893989459,-13.80281915,6.825243397254058,25.88238676305717
904,-1.399858037,4.881280207,-1.0818352516590541,2.2776253090944394
905,0.686001762,2.273947821,0.8698608024251924,0.654457457892297
906,-14.57165851,9.606337606,-14.022285304740077,212.88260493731536
907,-11.72931395,13.79588641,-10.862349705688736,138.44376998197586
908,-12.51189643,6.434567277,-13.295346546630892,155.76410215841585
909,-7.689125111,3.812354399,-8.92196992420845,57.88980015940231
910,7.166693581,-9.706330885,7.374259746281042,51.569063049227644
911,0.92972796,0.846089697,1.6786674327077749,1.6133335523135366
912,6.22857122,3.945703168,5.437152589906023,38.00368081251831
913,5.227794266,4.797917856,3.464652139408912,25.566690761031392
914,-11.72012877,14.10733232,-12.03043573948662,137.05111141589512
915,-14.70941239,12.18729931,-15.138958289018564,215.93726696006698
916,7.126822131,-9.942376146,6.755286850553107,50.42005840646449
917,-1.56274831,7.498425579,-1.0795569724160923,2.9253736179917635
918,0.116199506,5.883987364,1.0385459729669206,0.9358487921615647
919,6.111527702,-10.85788648,6.299215717895242,37.53845886820864
920,7.321898156,4.049968985,7.836324411874156,54.12461886271035
921,-6.526425197,7.276936497,-8.310395065971996,40.81025598306449
922,4.82052955,-13.0538141,4.9592540559340526,23.376229648357253
923,-8.078963251,-5.321626593,-6.284760920683178,67.0638495413253
924,-3.467761396,-7.841990444,-5.1881383962908,10.30499209929707
925,5.306452265,-11.08480586,5.987907027923429,28.839890403647058
926,-5.955583857,4.353770491,-5.751450168302442,35.673112766456555
927,3.546587864,7.279085925,2.091292411371597,11.12299002444368
928,0.11369833,3.640854493,0.3581633534826973,0.25739233372748616
929,-9.74493291,11.0365605,-10.300605209951106,94.40804512044994
930,-5.791010507,-5.923548928,-5.547823501272413,33.77898969791198
931,4.96396418,4.459969455,3.069690121390013,22.746666321713082
932,5.545622676,-12.39100313,5.771732110924711,30.98004029949011
933,-7.579763081,-6.23587558,-6.318659078602673,58.71391236648794
934,-4.696000207,-4.657696871,-6.899235954012155,19.84918219713189
935,-9.851417063,-7.521081602,-10.039493175276052,96.86234203689149
936,-12.14762699,13.43282634,-11.333245975748708,148.37922250242772
937,3.427944535,3.192892069,4.320902731927784,12.64376193196415
938,-5.85017822,-6.386249553,-6.24623091267483,33.82853251308754
939,5.994342402,5.42706151,5.525108861456944,35.46290729187207
940,-8.134605857,6.011806026,-7.914251516053975,66.39216678968474
941,-1.203842819,3.324263355,0.36183348213111377,3.01491383398898
942,2.910232014,-11.94237421,3.3217666532147723,8.880985014525267
943,3.726039919,3.872820504,2.126917963863299,12.284251522844828
944,2.153363363,2.965275709,2.634382739961656,5.117993150072326
945,2.768553782,3.043316079,2.859172947939457,7.755509209765961
946,5.375876339,6.941757014,5.769098518276024,29.29326859149607
947,4.374540342,5.818586504,4.921477324577742,19.68354018636322
948,-6.68820826,-5.633687392,-7.862348175772421,43.557989813359804
949,-15.31907463,12.56768264,-15.894581731914046,234.0985404175956
950,-5.191153606,-5.149342132,-5.172101433774777,26.967127933312028
951,4.305050392,7.26218954,4.018438397732177,18.24684688339153
952,-8.121401787,4.168602313,-8.284291319725352,65.79427745316144
953,-8.744917626,3.317919393,-8.905342162565239,76.31315974896022
954,-7.273010192,6.624966824,-7.936273480029876,52.233413964906006
955,-7.879546104,6.268558838,-6.463995354407722,63.50279755465386
956,3.265789124,2.522302992,3.698903609992601,11.098493088429287
957,-16.63960587,12.77830907,-16.679921761025835,276.8361676179126
958,-10.31824882,4.391181537,-11.09941171906833,105.68509581236307
959,4.571128701,-14.63442772,5.262685746851073,21.58677464695702
960,8.528014139,-11.31001303,8.415763600833431,72.61477461681734
961,-0.874570849,4.82258411,1.079055563325607,2.718500582246188
962,1.070765016,4.918304936,1.4379936036510748,1.513766307140555
963,4.549764647,5.82124684,3.5995040510395566,19.75009774713059
964,3.631900569,-13.136002,5.541629981743533,15.100431155846056
965,-10.27148443,6.550574521,-11.552894608506438,104.22198221722597
966,-3.483497453,4.375915852,-2.563200346013134,13.055051612044352
967,5.391440873,-13.17950413,6.691775924016625,30.367969738071622
968,4.05096649,-10.14390303,3.0499571149143616,15.409320128017283
969,3.521651638,-10.70075122,2.8855391987026717,11.765917820130754
970,-7.016706205,3.053312742,-5.612738317570026,50.638133854715484
971,1.327090837,8.327370511,1.3707549553058689,1.8048342079552295
972,-12.37827838,4.955520629,-13.807331667646476,151.79272236512895
973,5.643272074,-12.03798751,5.631535602582778,31.834783229771045
974,-11.64520434,8.595777626,-10.715268957369718,136.5407195029851
975,7.284285574,6.839153772,6.89155666340526,52.66808741298977
976,2.806103589,-13.15930181,4.081108234467811,9.149221997666492
977,7.920565782,-12.72891229,8.892797590212096,63.70759411520136
978,-11.78465495,13.32298207,-11.858099039766095,138.8046482007934
979,6.263054049,-10.80064161,4.863980142092867,37.82677211378816
980,4.494346761,-11.85587548,6.531269834701812,22.236075881813
981,-0.351766088,4.450481923,-0.2355559249324653,0.23994954373435842
982,-6.881389173,-5.285485064,-5.442163745921787,48.79274237735983
983,-5.516946448,-5.522106403,-4.402815115282425,31.55082944281739
984,-2.184031245,3.520938052,-2.794211590713012,4.159812133423238
985,-8.91092806,5.298393238,-9.27309750327676,79.04246944721861
986,3.052794472,3.568422219,2.506426462081733,8.773186078355492
987,-12.03581734,11.40489381,-11.272233612401278,145.6244827694434
988,4.404555184,3.5418529,4.886926049325124,19.8824772342264
989,-6.990682085,-8.792357825,-7.54683335089267,48.31348474764729
990,6.450001156,-12.05388154,5.6666699520834305,40.819183708484765
991,-9.97815782,6.476406701,-10.345827502763923,99.19596379806323
992,1.45096646,9.093030825,1.5926407283071529,2.246977936352085
993,-10.18792027,4.930557999,-10.939485568554934,103.04215412932193
994,-11.99251739,12.00361237,-14.20814419044741,141.604846549005
995,-10.62755797,5.510563179,-10.989612003027526,112.582934372683
996,3.822494454,-12.42105375,4.547262012471251,15.336231409332008
997,6.112619162,-10.62503497,4.655651745396417,35.907145603046
998,-1.573740011,4.230037931,-1.5658462786517764,2.4845513545705034
999,8.268590133,-11.33322973,9.280411410315958,69.38140406486092
